Fid;NAME;PROVINCIA;LOCALITA;ALTITUDINE;NOME_SCIENTIFICO;NOME_VOLGARE;ALTEZZA;SCHEDA;gx_media_l;LATITUDINE;LONGITUDINE
1;Contrada;Avellino;Sentiero Monte Faliesi - Tre Faggi;780;Fagus sylvatica;Faggio;28;http://agricoltura.regione.campania.it/foreste/monum/scheda_01.html;https://lh3.googleusercontent.com/uh8Er2W--Miok_apoEyhSpvKGH8cdCXLEUTnw1rrhEqY_XDSbc-_IP7tsiji3BP07ExTLiZyyeEW9l7kZYD_zkB46Hw3QchLRUmtsAr0Xp8CoLelo7pYzIuljpY_baoB3g https://lh5.googleusercontent.com/fAb2BYpWeRje-DLVUw3RVK5un-sxDbZalO-enwvb5YoIJ6ICIIFNw-N;40,8761;14,7666
2;Contrada;Avellino;Sentiero Monte Faliesi - Cappella San Michele;875;Quercus cerris;Cerro;12;http://agricoltura.regione.campania.it/foreste/monum/scheda_02.html;https://lh4.googleusercontent.com/Tnz2LHE0AID4L3mqmgiA5U8oODC2bquumPSVqwmqw1cD3-hzwcoXCkdonZUbrohfWMkIy00Vd8hODhTuKwg_fSTiCQ0Ye5A2cb-4GmdhLpCrqFAz3RwQF3QQexqGKWO7BA https://lh3.googleusercontent.com/epJJSgmrWUPTKroFZrxfocVGTE39zuV_vZHNaOMAaxZ1vZF0tACbxwL;40,8747;14,7666
3;Forino;Avellino;Via Largo Ponte;425;Platanus acerifolia;Platano comune;20;http://agricoltura.regione.campania.it/foreste/monum/scheda_03.html;https://lh5.googleusercontent.com/NrOUTFFedT4PVcqpWEGqBk7x64xI9ckw7VKFF7m9xA-uj3wxxcmUxDOQGSBuTWtuUpKFSMl_5YHyGZP2TO6PbeNTs9S9B8nvlIYX96KMZiYESq5LQHtcDUzMN7fY6ypl;40,8613;14,7333
4;Forino;Avellino;Collegiata della Santissima Annunziata;400;Tilia vulgaris;Tiglio intermedio;25;http://agricoltura.regione.campania.it/foreste/monum/scheda_04.html;https://lh4.googleusercontent.com/mf-SVD-EcMLYvwe_0tBzJYcNYnhQmGVUI-0ntVzT7Q-YsQMiPddvoDJWytnKa6ijE1ODi-ULIUre1zDB3gkmOCgGiUeAroq04H6kuVF5N_AWuRCFPB12VW41I5zm9c82;40,8611;14,7497
5;Forino;Avellino;Petruro di Forino;435;Tilia vulgaris;Tiglio intermedio;32;http://agricoltura.regione.campania.it/foreste/monum/scheda_05.html;https://lh6.googleusercontent.com/UNaU812RcGRWe3p6dBltCffM_Ulnwlc6XL3kndF5lrU0JehO3JPa6BmZ-xBA6sUWLdIDI0g5Kps5rvYxKWvyJN_5KgqDc8x-D5evKvrJFB3lbBVh8HcrPcVuOFM3nSc;40,8666;14,7527
6;Manocalzati;Avellino;San Barbato - Castello;450;Tilia cordata;Tiglio selvatico;6;http://agricoltura.regione.campania.it/foreste/monum/scheda_06.html;https://lh3.googleusercontent.com/FzxLG5DR8P1uyI0HlOmpPSrASEBWqPTJxC7--_WcM-ujQ-kPn3o3vDpnoSZhbhNM5JFd_aWIniLRDoIPPGye1RfUPElD_c-V5X1vSif6-hvDPEfOSBKZiBiwlF2sX0Ly;40,9508;14,8475
7;Rocca San Felice;Avellino;Piazza San Felice;750;Tilia cordata;Tiglio selvatico;10;http://agricoltura.regione.campania.it/foreste/monum/scheda_07.html;https://lh5.googleusercontent.com/JsHpcfBCkr3o_bFYdfpZnJYVRBaeIN0qGfDjgxdQoQNFSldpxQKEpjluJev9EB5cm9Qy7ymJHyRwZci5kIskHFTyyEreqxPcx8huae7Z3NCmRfcN-GlbFkNZKAErBfmO https://lh5.googleusercontent.com/hA8hDk0YlFtRLZzFcWbfYD-yz_3_jU2XE08963NrwPunqVPzs6-RrEY8J;40,95;15,1666
8;Tufo;Avellino;Lo Raio;230;Platanus occidentalis;Platano occidentale;40;http://agricoltura.regione.campania.it/foreste/monum/scheda_08.html;https://lh3.googleusercontent.com/84h-hArHSvBZzXZkg3gqylMx9bqKQt3Sa7YHEZwtKUvoimqoCSFqpJGEtp3tQugUqd9oBEeTipN9lIHWrSDPt6yagAGhA12uNOEvYsjtbQqjl7z03jFwJrUvgq-xClgg;41,0125;14,8127
9;San Bartolomeo in Galdo;Benevento;Contrada Solfatara;643;Fraxinus excelsior;Frassino maggiore;19;http://agricoltura.regione.campania.it/foreste/monum/scheda_09.html;https://lh5.googleusercontent.com/SkpLbDp9s_rM_OhNyNFZ8d1WgXjruP4hluS2Zi2bj6wNJyerFR8hOpHiEqYBKlLGGKh84mrhaYI_3RXNJAs7UlFqd0Vm5ojs_Z2yfRS3iV2u1YVHOiwyLgNahzbOssY-qQ;41,4282;15,0719
10;Caserta - San Leucio;Caserta;S.Leucio;145;Platanus acerifolia;Platano comune;18;http://agricoltura.regione.campania.it/foreste/monum/scheda_10.html;https://lh5.googleusercontent.com/eEscwwPhZDz-ouZWC3n0k6Kc4LD5J2KU-o81RzcGWJp4hJIGRd9e4uhkLkie45nljWakU2qdNe8fq9hhNfJuxl9z272ECpqCKN_-wUFI5mJ06PYlTEDc20xacfNEa3Q https://lh4.googleusercontent.com/mtmKgm4Mr75wMdgSaE8C9v0vSGOljqFvaM8sNKBQ5NLH-jal6P8dz7f2YU;41,0983;14,3158
11;Caserta - loc. Briano;Caserta;Briano;145;Platanus acerifolia;Platano comune;15;http://agricoltura.regione.campania.it/foreste/monum/scheda_11.html;https://lh6.googleusercontent.com/7OCUDocXH7yRA45UEs4KfPSd7QRjc9h6CjnTH1tW5fMhmTUNBLlRzh0n-HOn4z0rGcQNCtz4QLOj8Z-LT56oJcOMXz-XUAc4roQbPPDmY8WBME56qxqBu1TF6v3MjY1f;41,1575;14,5394
12;Caserta - loc. Casola;Caserta;Casola;360;Tilia cordata;Tiglio selvatico;12;http://agricoltura.regione.campania.it/foreste/monum/scheda_12.html;https://lh6.googleusercontent.com/angPMI0RMKyCcUPXp1Po9ewzpV-TNmB6gNA6xR5Y50Wp0g6L-euVn4Wy1AIOCQz5pH4pn03YFeoNfajOWMNuEnOA2WbQR-g7Bget2sfRVwE8Jn9D4Lum6wJOdgi_RcIl https://lh5.googleusercontent.com/iB32NlrFHv_njKQKJNGDWnAQTKPtLW38W28sIjJ_ewVACPf4FLAw7Jw8g;41,1608;14,6425
13;Caserta - cimitero;Caserta;Cimitero;68;Cinnamomun camphora;Albero della canfora;25;http://agricoltura.regione.campania.it/foreste/monum/scheda_13.html;https://lh3.googleusercontent.com/hnBYfiYLnixqgtUJEG13zLme6DUNbIBLXAareu3H9Od3yptrLSTPtIHxvCXhsJUvJZHlm1a8kn4x6Fz-q09O-uIcTbSHKMDoeJuU5IsaHPPzRyUOdixohgdlHHGXHy_c5w;41,0891;14,3413
14;Caserta - cimitero;Caserta;Cimitero;68;Cedrus libani;Cedro del Libano;30;http://agricoltura.regione.campania.it/foreste/monum/scheda_14.html;https://lh4.googleusercontent.com/i4mqN4MBvyGgkJbJoNTuyP5v_Yybvxh0RqqCc3-4Eoyp4tAkQc2PCJ3E10j8qQ4waeKdeqDKUknFgmwYOaicnPcVBkGpc1Gk1SwoqOtTvGBtZG-M2tbFt2sULg--vej6;41,0891;14,3411
15;Cicciano;Napoli;Via Sandro Pertini, 58;50;Olea europaea;Olivo;15;http://agricoltura.regione.campania.it/foreste/monum/scheda_15.html;https://lh5.googleusercontent.com/qkc-sn73z1dEzJQdrgA9JTY2uY_vy-1QiNsQ5Pdy20RjJwqRBG-Akl4iOgAOc5HXYzcV6_0sGBytNA17IqbXGh1AcZV3jN5eP4eKZr2RT1qFAeoPGdfogipYLlSwhcz6;40,9694;14,5375
16;Napoli - porto;Napoli;Porto;2;Platanus acerifolia;Platano comune;30;http://agricoltura.regione.campania.it/foreste/monum/scheda_16.html;https://lh3.googleusercontent.com/VVfJxGXoUZuDVqFQI2KVrcDKcK7Z-8fr7bo3SQmchpFvs3LYrkD8UhoTEj5xQokzTsrt3GWWWzK5SY1MTy8suXKGFEXl3HrURgrhIB4uRFWLB6nfYhNLG3P89oplR4-onQ;40,8347;14,2513
17;Napoli - Avvocata;Napoli;Quartiere Avvocata;50;Cedrus libani;Cedro del Libano;18;http://agricoltura.regione.campania.it/foreste/monum/scheda_17.html;https://lh6.googleusercontent.com/rBHhfOyzyXUCnWia3e3-59ppA3bvvtNZJ1Hi-LjGLr6FouSkeMzjCenr-2cBJJXmI4dmZU3GKPWwixL54TJ0RdZd1q_hlbKSHD4o3-S4ljfqvyHFd24N8CL5cWPegJf0 https://lh6.googleusercontent.com/Ibui8MAmMKWHcI4v-oRajnMhXJM_1-bDdhxDjNZH_3fCqz5lgig9Dcp5B;40,8491;14,2477
18;Napoli - piazza Vittoria;Napoli;Chiaia - Piazza Vittoria;2;Eucalyptus camaldulensis;Eucalitto rostrato;25;http://agricoltura.regione.campania.it/foreste/monum/scheda_18.html;https://lh3.googleusercontent.com/HF1W2Ht07Ru-mrRK8S_d0SMSc4EJpZ6Dp4GNY23A51ko0Zb-NlKnBvkrpZkoXX2AbhVIWGDISsBiuzqqi-qZ0EZJYMJIhQwSOhChWrvl-jv7HKNdSFrV5qPS6S53LbrmhA https://lh4.googleusercontent.com/JucIGELcGV-f6dT45k-JOj7kAweVWmc-W_FsDAzfkQxwsDuNsm6U20j;40,8333;14,2352
19;Napoli - piazza Vittoria;Napoli;Chiaia - Piazza Vittoria;2;Jubaea chilensis;Palma gigante del Cile;16;http://agricoltura.regione.campania.it/foreste/monum/scheda_19.html;https://lh6.googleusercontent.com/iZnlyLkOYaC2IJ8g6PIPB2PYo0KfJNXrudeOaqec55XBOacQk-UPEw9QgnFwMMQN71auqhlpnt9lRbIuz9L1QlTkNeyyWhJ_4YapOulaDBchZalrdFf4ULd-BtfYJ9n9;40,8333;14,2336
20;Napoli - piazza Vittoria;Napoli;Chiaia - Piazza Vittoria;3;Platanus orientalis;Platano orientale;18;http://agricoltura.regione.campania.it/foreste/monum/scheda_20.html;https://lh3.googleusercontent.com/oWy58uX4_aOQ-rwgMhrsVK1zOQ_pfBcKjgxTcNBcGUCZE5FUhcen-AblyJ4gs7llStyIvYvzn_0S--Gdor3ro7d8U8JstDEbfr3875FSi_klPbQW4PIEQt_8aXj9Csugsg;40,8333;14,238
21;Napoli - piazza Vittoria;Napoli;Chiaia - Piazza Vittoria;2;Platanus orientalis;Platano orientale;18;http://agricoltura.regione.campania.it/foreste/monum/scheda_21.html;https://lh5.googleusercontent.com/X6NJfkJixbvwzsJNau31g0w7fjuCEfXHtzeV_x1RPCCvQxMnm2wOsKRiIFau_MyNkn2GzljIBnBPRPnd9Fe5NDRNnQ_eeeYzsc5QW5W6dvMb5AAQ_rzaTQ2GSFQkltRK;40,833;14,2375
22;Napoli - piazza Vittoria;Napoli;Chiaia - Piazza Vittoria;2;Platanus orientalis;Platano orientale;18;http://agricoltura.regione.campania.it/foreste/monum/scheda_22.html;https://lh6.googleusercontent.com/C4zVPYqnmkNJ41PK8mT08iKCQo9LsuGbYRDuKBSc5k20boYeSTI9vm5903Ex0J8YWBPIJjDMXejjVHWXHBdDbAFrzi1TJiIL0tB0j74jfcI4lpcQW-8IMHTUyAzYkdkJvQ;40,833;14,2372
23;Napoli - Capodimonte;Napoli;Capodimonte - Giardini della Principessa Jolanda;150;Cedrus libani;Cedro del Libano;18;http://agricoltura.regione.campania.it/foreste/monum/scheda_23.html;https://lh5.googleusercontent.com/Hj4FvPgm9zSQkoW1cGewXXO7JmagJa5_5qNLbHEG8-XbzHWR0t2fEhvvC1L6sekCcOTn2EDzEcrs0iLHP4i3cYpQ-WsyhPIXbpD2Zw3QX3Q1yt_qZOdBDpr0LUuwpsP4Ww;40,8666;14,248
24;Napoli - Capodimonte;Napoli;Capodimonte - Giardini della Principessa Jolanda;150;Cinnamomun camphora;Albero della canfora;20;http://agricoltura.regione.campania.it/foreste/monum/scheda_24.html;https://lh3.googleusercontent.com/QozTHLEOQ-YhAbzHB_McJdcG_wWcb6hyc7urDKs1T9vK78rSWOUQlWAmYPPlH9vucoAdqMsrfL7sWHpaGUswe0JlQJc1YA6DijKLINYA26Id29C2onD08g59yX7-f7U7ig;40,8669;14,248
25;Napoli - Capodimonte;Napoli;Capodimonte - Giardini della Principessa Jolanda;150;Platanus orientalis;Platano orientale;25;http://agricoltura.regione.campania.it/foreste/monum/scheda_25.html;https://lh5.googleusercontent.com/9JQIHbYykvzZlHZf30J5WC7eVpBeyRD4-8yuuYJGm3TqXi0jieHMYqppkySqvK4ajnzcMgjsUAZtHVr3GVNz9kwFm63JPpfFPvMiSe-W8Vd1UddXSiM7J2_6w8tobf-6PA;40,8666;14,2483
26;Napoli - Miano;Napoli;Miano - Via del Cimitero, 1;150;Cinnamomun camphora;Albero della canfora;30;http://agricoltura.regione.campania.it/foreste/monum/scheda_26.html;https://lh6.googleusercontent.com/CwsiFVUC85HbrBifjZjNIG2Lm1hEcaaMBt5XJgHiywqnYAwNy2bYcBczIFNL_HjSinmO809jBlQQEylwnhEsn-lRSPzSIf-_-AwDYrWgAklZ0bUf-WHKQkz9rd0qRsKs;40,8891;14,2555
27;Napoli - Secondigliano;Napoli;Secondigliano - Via Provinciale di Caserta, 92;100;Platanus orientalis;Platano orientale;25;http://agricoltura.regione.campania.it/foreste/monum/scheda_27.html;https://lh4.googleusercontent.com/Rd3yfXZ3Anm-72OAwxe1PySVqXRO7XGVo2Gwqs_gC_BbV22s71KlxBY8RIYP7OgO3152rJBtt5slUiyguRBKYNfd15sKx1aSSPtbOJ44qvBdNAiOD8uPouuKAeAVdNBhaw;40,8897;14,278
28;Napoli - piazza Cavour;Napoli;Giardino di Piazza Cavour;50;Podocarpus macrophyllus;Podocarpo;25;http://agricoltura.regione.campania.it/foreste/monum/scheda_28.html;https://lh4.googleusercontent.com/k6nHxo0LtBIQ_-_Y6Y1a_M7hyuK9yYBdup7F1Zho5XW0Tuxn-VK9m_mBeFYOIG2IiDaKkJAgpI5-vfmas4Tw4eJhzQ7OrpKiFFrIjps0TK8s2dcXoYZrowtSK6buUV_S_w;40,8555;14,2547
29;Piano di Sorrento;Napoli;Ripa di Cassano;60;Pinus pinea;Pino domestico;20;http://agricoltura.regione.campania.it/foreste/monum/scheda_29.html;https://lh6.googleusercontent.com/Rc32oXMghA3hp_bSbgql0jZ16NGj6SSW28w0oZDnAIbbhf6UPI45QABgZcN-ASkpl6R6LhPXUvR-LjNFcFQOxW2-FteF58W7T8F-qZxqUtlBIgI8nChk4L_AEhCLo-Kd;40,6372;14,4016
30;Striano;Napoli;Piazza D'Anna;23;Platanus orientalis L.;Platano orientale;18;http://agricoltura.regione.campania.it/foreste/monum/scheda_30.html;https://lh5.googleusercontent.com/hDr9GxuABsE_MQ9gxcEdAEDafY3PsruXApAJzQxaZLN1eDtRvgRCwWsnBQ6PCJdkWJiPBJM79U1I_N_ejbyOVIRP5uWJnFJIHiwWABHgE1IL1SzGaIXiTGNTfaWjeMw;40,8138;14,5725
31;Cava de' Tirreni;Salerno;Villa Rende;200;Platanus orientalis;Platano orientale;8;http://agricoltura.regione.campania.it/foreste/monum/scheda_31.html;https://lh4.googleusercontent.com/18UztCa9mUcIkE8kP4Ok19e1sKrXHSOBXDjTaXiEFRCLiuTmukPhLps6wxi95tWTF9mCyUhSogdDpe51bE-rfOKTsJ1iWvNmsYFKbVb0suLfVQABetJo3tgAIsVeqsQ;40,6991;14,7033
32;Cava de' Tirreni;Salerno;Villa Rende;217;Sophora japonica;Sofora;5;http://agricoltura.regione.campania.it/foreste/monum/scheda_32.html;https://lh3.googleusercontent.com/VwOmQO4ZmnyPou28lqwz9l_O46Uw51FfobYfJGkz4bP1vj5PJdzMlFh7L_aT2MnJQ9VEGe3-1G0zuoAX5LORzPApmPtdmjMAw0Gkvj4lRNOFavBs3a9nnsYxi7EhcH7rPw;40,6961;14,7038
33;Cava de' Tirreni;Salerno;Via Principe Amedeo;197;Platanus orientalis;Platano orientale;10;http://agricoltura.regione.campania.it/foreste/monum/scheda_33.html;https://lh5.googleusercontent.com/aJsgJVHFQt2MpG-GdHEVFckIzr6WE4L9yZ5vVR2jE6eIQ4MChZ6JGB_U2rPGWQG-e0FH7X4MgnMcBp1bgUPImbNMatoLlPehrstBqkBVmbpqCRDTmIHqo76zATkJLjAe;40,7016;14,7075
34;Petina;Salerno;Aresta - Osservatorio astronomico;1150;Prunus avium;Ciliegio selvatico;22;http://agricoltura.regione.campania.it/foreste/monum/scheda_34.html;https://lh3.googleusercontent.com/x5PjruZIYq84xyPf3lUX3_iBfY1tl-RLvqyyKbvqT3IywKKJMuGjPd2OgdLH1yooC8hp1mjcVrw5zmNKT9xZuJQTgrEWyPX_BDl1S6_zza85177exVZLYp3ifLNNSVI;40,533;15,3741
35;Pontecagnano Faiano;Salerno;Via Carducci - Piazza Sabbato;26;Olea europaea;Olivo;6;http://agricoltura.regione.campania.it/foreste/monum/scheda_35.html;https://lh3.googleusercontent.com/uGWS1Owi1dtxlq3VVAYR7kHRapFiztXAftDACFqHLHREEAOPAClYjN1nOGhnW15q2xapa9J1i6k0_5PEhATBWvcYAzGQ53ojsYrMPIfxFYHenCDZsCZBvaVaW_AcW8plmg;40,6444;14,8736
36;Pontecagnano Faiano;Salerno;Cimitero - Via Pompei;48;Cupressus sempervirens;Cipresso comune;18;http://agricoltura.regione.campania.it/foreste/monum/scheda_36.html;https://lh5.googleusercontent.com/X7fNStUqFDM1-ehhzrLy7NmAnJOgqoa-udDPj7vtCfONkv7VKMgdFa8uzFAJBHvUm6YCXNwEFMmhV9DZzGRNveq8CzPmOzsU13wvE6wWDkXy1L5EZw98AlkqAASEv4qK;40,6488;14,9008
37;Pontecagnano Faiano;Salerno;Cimitero - Via Pompei;48;Cupressus sempervirens;Cipresso comune;18;http://agricoltura.regione.campania.it/foreste/monum/scheda_37.html;https://lh3.googleusercontent.com/zxz55HWBnqMjdpXeLmsv_wEnTfDZixbccjFzKI_kvXzMkXfablR2l1W0Vtw3MNFoqm19_RHYWaaV4BxgvMpxle-GrRzL6Bty4_QmtFxyKzqhFmvNR_xZKj0jPjDaUfwY;40,6488;14,9008
38;Piano di Sorrento;Napoli;Piano di Sorrento;68;Cupressus sempervirens;Cipresso;10;http://agricoltura.regione.campania.it/foreste/monum/scheda_38.html;https://lh3.googleusercontent.com/3lb7ISGnknOPpYqk5Rluio3gXOBCbuxPud274l5qxPYmQ1UT42TXhDGDWEwkJr4e6T6yGQrqP4lMFpav1kohSsAW0kQRHnqFRHrz7txwzMWQ1UPRDN4LU0OftfQslj1GMg https://lh4.googleusercontent.com/pqmgPY9PFuzMIMoRF13IJo9aVQajn63d8HkM38mvRf6CMm7tyTJIX8q;40,6283;14,4188
39;Piano di Sorrento;Napoli;Piano di Sorrento;159;Cupressus sempervirens;Cipresso;10;http://agricoltura.regione.campania.it/foreste/monum/scheda_39.html;https://lh4.googleusercontent.com/2vLmlxWbC_3LxJURm2mJJdljzklQWzPqrSxqnR-FNryAeBsZcAD44d1nm0Hh7ZwMCcOsERT7t5DEYS-2eE5caYmxlnPwfHmsw4Ng8hjMXXy7Cdp0kIPGyQI1F1nbrdA;40,6287;14,4168
40;Piano di Sorrento;Napoli;Piano di Sorrento;135;Platanus acerifolia;Platano;10;http://agricoltura.regione.campania.it/foreste/monum/scheda_40.html;;40,6283;14,416
41;Piano di Sorrento;Napoli;Piano di Sorrento;380;Tilia platyphyllos;Tiglio nostrale;15;http://agricoltura.regione.campania.it/foreste/monum/scheda_41.html;https://lh3.googleusercontent.com/zC9oWJ2TeWFfMG5ZR1qO_46Qi7oXzefAQXRxWuHahE6gHZNKtoSAfPoplGdvGBqUN-aYPSKnGcpC4ZAy0j-5hlKzqIiPLvgfeL0axoIG11qFMEf7AbbH0ohYCpwdgxQMLQ;40,6189;14,4319
42;Piano di Sorrento;Napoli;Piano di Sorrento;380;Quercus pubescens;Roverella;15;http://agricoltura.regione.campania.it/foreste/monum/scheda_42.html;https://lh5.googleusercontent.com/i2pvovd0IqzCSjN3NQlOCP036nFZU97Pa5j9RgFQ5yojsSSQ2dBrur32vFyYI-VY3QcBkpp_HGDkachchi054bFxzyfcoLcLM9r9bRUHZ9AsPOzQZ1HGs6gdZpcpzVCnBA;40,6193;14,4313
43;Piano di Sorrento;Napoli;Colli S. Pietro;380;Taxus baccata;Tasso;12;http://agricoltura.regione.campania.it/foreste/monum/scheda_43.html;https://lh5.googleusercontent.com/VMmAvMo8BvvLYusbj6F_KPUGj2qds5Ij1drLUFkMFUwJs4CYtRD0EJPak_NtCFH9mQ-7QIYUo5dAM-yedguyxGaFdjBi-GVKmgDWNaHOZRf42p9w1_9s-Z0K9qZ-XwQ;40,619;14,4314
44;Piano di Sorrento;Napoli;Bagnulo;82;Pinus pinea;Pino domestico;20;http://agricoltura.regione.campania.it/foreste/monum/scheda_44.html;https://lh3.googleusercontent.com/IP3w7UKgW1XlLNWRDnmlqcJyaOPQXgnCLMajRTLpmsb5qcqPUAgfy5-FGTp0HZ5AxsqaWV2nSrppFcGVjrNjvuLrz150mCCQDr1yhLSZLPsP6UOv9HHHyshSXl_tiuI;40,637;14,4104
45;Piano di Sorrento;Napoli;Piano di Sorrento;82;Cedrus deodara;Cedro dell'Himalaya;18;http://agricoltura.regione.campania.it/foreste/monum/scheda_45.html;https://lh6.googleusercontent.com/-2lHh3KjBT3R38ZgKmpw951cDnbhJP-zQUHG2eb_6gvDhhJ5B6RWk2IDmje4KdO1IPOkPgl8hFCjLctBHxNPFpFhUoP3bgrjKZySpAVeTFzwnF_2y0ETvKOsjf0pCk1P;40,636;14,41
46;Piano di Sorrento;Napoli;Vallone S. Giuseppe;240;Quercus petraea;Rovere;16;http://agricoltura.regione.campania.it/foreste/monum/scheda_46.html;https://lh5.googleusercontent.com/fR90jU1TGr_7LXdbEUORgjDXzeO0g58cPm21AfA8DGBH50jxtjjw9SWAsQ7a0RJUFApssyI-ci9EnBoUlWjb2xZlpeF6tIoPTLuDcEtL8oOQci5UftuXyLoUPhcw3sQ;40,6208;14,4242
47;Caserta;Caserta;Caserta;68;Liriodendron tulipifera;Albero dei tulipani;18;http://agricoltura.regione.campania.it/foreste/monum/scheda_47.html;https://lh4.googleusercontent.com/BVwCiBg1ZV3XNPxbitrUOumgAy8EZxD2FjVS2HEyy2XnUAA6im-JVio9cOtEDqa5qFSPjVl14rRC5xJ-vTMedRpSseR4EVJij9BopW5Hxk1_3hbNuh3JJyvz9VPi1cRL-Q;41,1441;14,5735
48;Caserta;Caserta;Caserta;68;Araucaria araucana;Auracaria del Cile;25;http://agricoltura.regione.campania.it/foreste/monum/scheda_48.html;https://lh4.googleusercontent.com/0Qc1Yf8GODWpXGbGOahYiX6JYQ6tEF63Gu8dWL6e-b3K5d7XKWq_WDYK4JtVXYUXpyAGvBmdNJWKv8toZS-z_mGGzoMjDmfsG22Nv2OyU4Ulo426Fe_ZHTSz-YyDQOLU;41,075;14,332
49;Caserta;Caserta;Caserta;68;Casuarina equisetifolia;Casuarina;15;http://agricoltura.regione.campania.it/foreste/monum/scheda_49.html;https://lh5.googleusercontent.com/Fb-NIGIURY37K0EK0eGcahAQGmkS-b18Rla9WeMRWbniZOlJ0M5tYwxlXc4yyq0vaJKiI18Sa5BwgKJnYEWkvyJMkY0rlh1oNgLQCwT7E9qh7jVpnrbuEbnCsL9xG6M;41,0755;14,3324
50;Caserta;Caserta;Caserta;68;"Taxus baccata;;;;;;
51;";Tasso;12;http://agricoltura.regione.campania.it/foreste/monum/scheda_50.html;https://lh3.googleusercontent.com/yJ0G3_2dYM-spapUrBgIJJYPbaNyUZboS7kyi7jVNLhvfYEuub3UAWOA4c7NzJzAPWFc2nf0KghjLs1AHPwQ9hkhIDkOInfxbKWouSwACpSoyUErxtKxFBsY9KB5Pi4;41,0842;14,3358;;;;
52;Caserta - loc. Casola;Caserta;Casola;333;"Cupressus sempervirens;;;;;;
53;";Cipresso comune;16;http://agricoltura.regione.campania.it/foreste/monum/scheda_51.html;https://lh3.googleusercontent.com/Vln_X53osQ5ZVex-xq0gZzJ6KdoNLeXS8d6DMfSTG050aSXOt6yyVTsHdZjBgPGepcgLWdPEN--cFAKeMdvfLTY0ZuaIrxSpHR9eVZUNQj4yKrneLLona4rr-H3HUwTi;41,164;14,6505;;;;
54;Teora;Avellino;Viale della Vittoria;650;Quercus Ilex;Leccio;7;http://agricoltura.regione.campania.it/foreste/monum/scheda_52.html;https://lh3.googleusercontent.com/3TXk9sZYZ_wrZEVCX-hcfKN-iiooyXp7TAaGOJfpPTOHLQpAb21x9jrznREEpWuBUtl-Z32vrc3FSlk5VC5o-B8MPOuNNKyiKFulJrU9e62fckhBWOn6_XHg6vFseSFf;40,8521;15,2531
55;Pompei;Napoli;Zona archeologica;15;Winstaria sinensis;Glicine;15;http://agricoltura.regione.campania.it/foreste/monum/scheda_53.html;https://lh5.googleusercontent.com/UOQiX93SIot-sm1NsJAaMvkPy6O21skAI_6BoR_hRHLZiISQIiVkWXnd4bm37COE6-I1paD99UvPa5baIyr9a8ePYtHw_qtyaM7oSYTSwAxlvnRjrdsu9QjpGFlArz-4BQ;40,7467;14,4854
56;Pompei;Napoli;Zona archeologica;15;Platanus orientalis;Platano;35;http://agricoltura.regione.campania.it/foreste/monum/scheda_54.html;https://lh6.googleusercontent.com/eDE9u0MenwTgj6RyIbmgNMyYfoieLovasa460FtMBY_7ubdxy5Jm0sEYWMaIPt9sUp8UoT-Yr_xxDar9wpl4yRpPfEdSKJtcNoIEIBAXApnQ254Sd4V_bduqQGEJpJYg;40,7472;14,4898
57;Aiello del Sabato;Avellino;Centro Urbano;412;Quercus robur;Quercia;20;http://agricoltura.regione.campania.it/foreste/monum/scheda_55.html;https://lh6.googleusercontent.com/jbYJAdG7nMthW3l21hCwpMSCtiWataztiPmYFTTnLqfskQPnzt19-VmLLUpBSVc0kjNUC32qHMkufOUOuthp39PjYQa1ApAsZvKGc0TCvlVg3Qlf8cCS-hdvKOmYFmfv;40,8889;14,8205
58;Aiello del Sabato;Avellino;Castagno Grosso;450;Castanea sativa;Castagno;15;http://agricoltura.regione.campania.it/foreste/monum/scheda_56.html;https://lh4.googleusercontent.com/OGVbnlIJMeo4qZsxdUzY_boOhR778MO-leqhyML2MpJA2LMOT_FKbTQVbrWKlok_DQwexrqKLl-wfRBYhTVMw_31V8-8XbFHnmPl8WbbDWugoIU4Xpqb1gM_nL1OC4U;40,8856;14,8146
59;Aiello del Sabato;Avellino;Centro Urbano;412;Platanus occidentalis;Platano;20;http://agricoltura.regione.campania.it/foreste/monum/scheda_57.html;https://lh6.googleusercontent.com/1IEfdWpmrBNyQXqL0jHI4pA5a-3ax5or7RKpDoMkVN0yOwtEwVZ07t2RYEryf3VjCoUujARGrbpF8wOhIhL_jGg4Rk5SVNoI7wP0Du2BXyH8wEWm_1R5jmJrx_K230pX;40,8849;14,8193
60;Aiello del Sabato;Avellino;Via Fontana;412;Carpinus betulus;Carpino;15;http://agricoltura.regione.campania.it/foreste/monum/scheda_58.html;https://lh4.googleusercontent.com/OXbifld0uVH9-2oR2sSv8FEI9P6pJKzkJ3uZAycAETaTYK-ew_TTcXLbsKVGDX6xqw53CVdW7brD0jV9slWxSHymtQG4G6tknj9XPuOzIxx8w-b5qW6ns7-gPJMdM_zy;40,8889;14,8233
61;Aiello del Sabato;Avellino;Contrada Carpino;398;Quercus pubescens;Roverella;15;http://agricoltura.regione.campania.it/foreste/monum/scheda_59.html;https://lh3.googleusercontent.com/D_w-MXXApUxL9E9MgRF9dhgl7fE9HWLQvE3fIRNn8d6w_RVkA5sofSo_DAGuEyTvaYB6LdDIYRPZz9XfGueVVqJcH38k7prppyzNXpokjdYUvXbzG-QhV4iCEyfOjpvhwA;40,8885;14,8166
62;Aquilonia;Avellino;San Vito;650;Quercus pubescens;Roverella;16;http://agricoltura.regione.campania.it/foreste/monum/scheda_60.html;https://lh3.googleusercontent.com/n4oBxl0Z6q6YlFWYAYJknJNpmON64FTQRmQK8SbLHMoTzaogRCx_NUYRw87pClSz-8mIs0kF7t33_oiDwThYFaP9e3C9Bx_dRNa9xE6RuwP_1Um54vOQ9LcL3zFEyLg;40,993;15,4711
63;Castellammare di Stabia;Napoli;Porto;5;Quercus ilex;Leccio;12;http://agricoltura.regione.campania.it/foreste/monum/scheda_61.html;https://lh3.googleusercontent.com/4z-BnUIH5TQGnQ9_sOPSr7p1Vm7FMe4JWM7As1YTYtiymlL6nJW0W7_qpXjkCUptff4giWP_ktQV24bTG0lNcSu89S4MEmSK80K-BG3r_PryyUORDFOuyHan8zICl_U;40,6908;14,4727
64;Castellammare di Stabia;Napoli;Quisisana;211;Pinus halepensis;Pino di Aleppo;22;http://agricoltura.regione.campania.it/foreste/monum/scheda_62.html;https://lh6.googleusercontent.com/fmDirqHcI6__B9DCXWzwL3yj8pNwgyWMyTqMRRKNaEWu8cYFAC8GF_c6Ox_aDHPD93XVkdXLOeTkdhFBOfp5CjMhaqtMbJvdc91ojdc6sNCTPpVo9lprrAWcgPvHV70;40,6841;14,4888
65;Castellammare di Stabia;Napoli;Quisisana;211;Taxux baccata;Tasso;8;http://agricoltura.regione.campania.it/foreste/monum/scheda_63.html;https://lh5.googleusercontent.com/fc27gqVXtV1WasFYosqQIfHDUUgOHRC5KvycwUdiV8zoCrsgWM3oQ77CV5eWtVv_W4Qjlawv9ZU2q_VyEVoZz2eypgGpvv2tshnSrGz_Oq-dK9pzCLKUyPTCpAOVuH1Q;40,6841;14,4891
66;Piano di Sorrento;Napoli;Villa Fondi;60;Quercus ilex;Leccio;11;http://agricoltura.regione.campania.it/foreste/monum/scheda_64.html;https://lh5.googleusercontent.com/RmavjpOgPmxuyMaDvzuH5iKcHx5qKC82ER1qObbLXmwrbqZaKkSTSTjZ4cJq_GgkGbbbZh9rX1kmNIjNYHPk37J1udGHkUyoHYaVVolSASiDRlbzuAP84MEFSxmQqKelmA;40,6372;14,4013
67;Piano di Sorrento;Napoli;Cimitero;159;Cupressus sempervirens;Cipresso;10;http://agricoltura.regione.campania.it/foreste/monum/scheda_65.html;https://lh6.googleusercontent.com/fX-sM6xKloF6LTAsHdDIsapyKjFFtErCnCmyzrOk53P372mGeBwNYF3buZom-hvisHTYxUqbiXQLc8bT7hmXzhJwkZVLWDkjBOZLp4mEes4pG_TD0aJA7vU5q0771Z_fag;40,6291;14,4194
68;Salerno - loc. Ogliara;Salerno;Ogliara;16;Platanus acerifolia;Platano;4;http://agricoltura.regione.campania.it/foreste/monum/scheda_66.html;https://lh5.googleusercontent.com/4jM14hu4niPUN_86QoBcpAMPdafgRAc91psmVUWpP-dN-c96Td-OWQIaSpujhiOfviV_Pl4QE8GnnahNEtTlGyk_06I7jQGKpJJWhoiLgjvC2OJ_SqGa7iwPbS1pgAcqfA;40,706;14,8015
69;Salerno - Villa comunale;Salerno;Via Roma - villa comunale;4;Pinus halepensis;Pino di Aleppo;16;http://agricoltura.regione.campania.it/foreste/monum/scheda_67.html;https://lh5.googleusercontent.com/lTSFXQfZGNaP-lCHEUDRCWjteUmSim0-HqToTCKBHFIv4IgrkN4nNAQqABBZa-sf56ee8OSO6dZiK8yYYxIN2gblhV3DK5rMobA1wZxy5QKeJOunSVOB7TfpDxstFaUm;40,678;14,7536
70;Salerno - Villa comunale;Salerno;Via Roma - villa comunale;4;Pinus halepensis;Pino di Aleppo;16;http://agricoltura.regione.campania.it/foreste/monum/scheda_68.html;https://lh6.googleusercontent.com/epM2I-0D80BSUVmbToDtxtUn-53NrYOpdzcDE64mOlMiVAsK99FJud7hoqYo6nscpR4w6WjFsKrtqv0gzdSvCB-y9fLLPSi9ud5VILBECJvNvXKjXN0FK-lOisWqGD51VA;40,6788;14,7536
71;Summonte;Avellino;Centro Urbano;738;Tilia vulgaris;Tiglio;6;http://agricoltura.regione.campania.it/foreste/monum/scheda_69.html;https://lh6.googleusercontent.com/cY03GuODy9Kwkb5uCS-bk7A_RHM6FXgdE7K1jXuOg0VGKdI8QW0JGaQHnvp1-le-LKzjUAx1p_oO-dAL0p5B2nbbh9Buc6ukb3RL2f9doWSgSaRWXSfcBUpJapPFFfMx-w;40,9488;14,7452
72;Bonito;Avellino;Versure del bosco;326;Quercus cerris;Cerro;22;http://agricoltura.regione.campania.it/foreste/monum/scheda_70.html;https://lh5.googleusercontent.com/8y9dIfv6yO-UUs7Y5jj1Ka6_ge6adv8hb0GehTl8FmgGAAuQm21KhBmgbWlybSpjkLGd_eRjS1AGllhTUq416SG5azs5Lh4pPs8wHBr6bLiS1px5tDTwLW9Vx2Cxbkc;41,1861;15,0147
73;Bonito;Avellino;Madonna della Valle;370;Cupressus sempervirens;Cipresso;18;http://agricoltura.regione.campania.it/foreste/monum/scheda_71.html;https://lh4.googleusercontent.com/lDQIsQ9FzV1cDxTw51xt4l2ywxcDiDj4ZbTdLrOCSy2KhgRPRUyx0i1lbYwBd2ld8zcPaHJE5zdz8VrUjyii52vjzqDhwMFuCB3Q54ZjC82_SHi5eEkEotptlzljRRJD;41,1905;15,0163
74;Bonito;Avellino;Via Provinciale;496;Cupressus sempervirens;Cipresso;15;http://agricoltura.regione.campania.it/foreste/monum/scheda_72.html;https://lh6.googleusercontent.com/gHeoPt-N3iIDL8555kREDPlTAY0njguUBLZNoungwIEwMgPL_NPT7nf6gtVpz2lmQLUgh_XUJ4EzOm-sSQIQhkvjy6xpTCmBuyOcFnUJBFFuDW6lpfOjZ_Mh8twdh-Ij;41,0943;14,9986
75;Bonito;Avellino;Villa Comunale;515;Cupressus sempervirens;Cipresso;18;http://agricoltura.regione.campania.it/foreste/monum/scheda_73.html;https://lh3.googleusercontent.com/CgBgHm1vrYkBG8iMZKOB8eTBAbiE81-3NcvUz9Ges8_jM1TBoDJ0bVm7CJWpEO_C35qfonL6qbjegMFFJWEjdTlJGZ0zJ-HBb_DJlUCHsw36rWIyX3fIGZ79eLPUp-71VQ;41,1675;15,0008
76;Baiano;Avellino;Fontanavecchia;260;Platanus orientalis;Platano;25;http://agricoltura.regione.campania.it/foreste/monum/scheda_74.html;https://lh4.googleusercontent.com/bzHGlZbjuqbFPYz7ZCzsj9_u9TV8t5QDrLkdNbzRJn5T-hdVGu7Z5Zeiw4LDcOUodTxCNVi94frAPO65ajqCfPD2oe4VefSjwMFbu9hTQLPn3xlZ3niEa3ESSC1MOO2z;40,9241;14,6302
77;Baiano;Avellino;Piazza F. Napolitano;196;Quercus ilex;Leccio;6;http://agricoltura.regione.campania.it/foreste/monum/scheda_75.html;https://lh3.googleusercontent.com/xxyn4B9dQn4xx87_mjayiiuz3fk_ZUgjZnURb13G1n4ClVzapeePpFJHIZ7E-L7-Z0nrw3MYIMoBjMnJVoEgCCAAAW4mY6eeyEmTbeH17M4U0hUl9XsvgoAk6PMAZ-E5;40,9518;14,6172
78;Alife;Caserta;Vergini;110;Platanus acerifolia;Platano;30;http://agricoltura.regione.campania.it/foreste/monum/scheda_76.html;https://lh5.googleusercontent.com/8HRoMcg7T5tI1K0Ik0N28utv6SFeHfo9x6vMonyOy-A4YH2SoLbvMbnPwIKTrnCf7P7XUwPBA88znk6gIRL4W2d_ZYq2n7pGu3Q180_dqaTXKvmndg4QQPGmnGkIDBAA9g;41,338;14,3195
79;Alife;Caserta;Centro Urbano;110;Platanus acerifolia;Platano;12;http://agricoltura.regione.campania.it/foreste/monum/scheda_77.html;https://lh5.googleusercontent.com/cja-GZkKypT5VLRBzeDFWUbx3VtbPe4cgulYoOKrcLzcdGPOgnWnPDRi2TuyHW9mgxM7-ZyMd9yfaZIxNb38kXH_XT2K0nrsjErnF3mwDSZjW4XXBx27MsAtXx94FNK0;41,3267;14,3347
80;S. Pietro Infine;Caserta;Centro Urbano;140;Platanus acerifolia;Platano;15;http://agricoltura.regione.campania.it/foreste/monum/scheda_78.html;https://lh6.googleusercontent.com/NuqR3oVMHzTn6cwvBnB1QVCmJLhaNiNUPoXn1XiRa_XorHSyS1XzelsXoJ1HeSkLZY9pcR0v1L3y6tjz_zt-LrUusfRYsWhgiFuxwoAmEzCYz0iGpoOe9BPvrD_kcOo;41,4455;13,9591
81;Aversa;Caserta;Centro Urbano;36;Magnolia grandiflora;Magnolia;9;http://agricoltura.regione.campania.it/foreste/monum/scheda_79.html;https://lh4.googleusercontent.com/_04eSN0c3Pjq0iYQ5l9DaBG0YsstQnQz9ZmRMz71do6dFJrZmWAWzQ7rStX5hJHfyq-Dw-a--A7-foBHiiDBlOnKbxvLZ5KMVbAtkND-DmvGLIoYPudxa6EjwMp24cG9Fg;40,9735;14,2063
82;Massa Lubrense;Napoli;Marciano;100;Olea europaea;Olivo;10;http://agricoltura.regione.campania.it/foreste/monum/scheda_80.html;https://lh3.googleusercontent.com/Ly-4b3YvYvCGd0XhqWl9YXz2c00kyYNOD9hyMY75iiOHkD1LxHa5liNjS5KO2TbwMCM_DXug0clZAT1x10Y1hIAHCRk5mpIXibqlEhcncKJpbiudPNTKXMcX-1owgvg;40,6059;14,3379
83;Massa Lubrense;Napoli;Puolo - Villa Angelina;100;Morus nigra;Gelso;6;http://agricoltura.regione.campania.it/foreste/monum/scheda_81.html;https://lh6.googleusercontent.com/dbXZ2YQPhDByrYwsELZQ6Ve5OG_LBOqvXSdURgU4zXOaNgYuSv94c_l-BlkvYWc2aSuVt3AvikP9wIv2gBPPvNOmLhraTB2ZD1RStrTOaRVzsh8uPnzQdZlrWTiMmqwc;40,6056;14,3305
84;Vico Equense;Napoli;Faito;1167;Fagus sylvatica;Faggio;18;http://agricoltura.regione.campania.it/foreste/monum/scheda_82.html;https://lh6.googleusercontent.com/GpSbLgXEXhzqv5a-n8TxwoB71egfk3ha7Qs15ZsRx8bhuIfqVQ97HKvy8BqcMi3gjiGpa4g1pQh1BPchPJMNDLLHK4dOl6x9qX1Qc2gKhar_emT3fboQV7Ak00nVt7EL;40,6586;14,4913
85;Vico Equense;Napoli;Faito;1167;Fagus sylvatica;Faggio;22;http://agricoltura.regione.campania.it/foreste/monum/scheda_83.html;https://lh5.googleusercontent.com/IiPU5KdGCQU0isYmTXX-hg21rWDVYgg0jgeyN-hy7pOEVkmYlcu_4GKMOvPZizo2CZ2DQKUIr7k-302cn_MKp9AusMjJWwVENaXhoxcbZwbrnR0O5Ca6q1ARBRmbSjK1;40,6586;14,4913
86;Vico Equense;Napoli;Faito;1167;Fagus sylvatica;Faggio;20;http://agricoltura.regione.campania.it/foreste/monum/scheda_84.html;https://lh6.googleusercontent.com/YZoqcJJ_upiulX1XkvnZVLQJRYu24grjcjPaeU2GlzgvQDdMyP-6GHHD7iPmvR7rnSdMXa1hcKVrOxSvHezDwiDz7ktkCgzMLnhGpxBagHLD7QcSkotoMk2FRBMcwdc;40,6586;14,4913
87;Vico Equense;Napoli;Faito;1167;Fagus sylvatica;Faggio;22;http://agricoltura.regione.campania.it/foreste/monum/scheda_85.html;https://lh3.googleusercontent.com/klfAAXTBtXeFI5-j1BqFPULTQjPKXNFkPAj1qVZ1SyO2OzfuqsRI3tH5Wm682bZ0MJTsbJ1B8CAoLbffvxb0F38Q3LVdxmjL99ig8iWSpoioC85vOHsqpMuyFQa0TJUPmQ;40,6586;14,4913
88;Vico Equense;Napoli;Matignano;80;Eucaliptus globosus;Eucalipto;20;http://agricoltura.regione.campania.it/foreste/monum/scheda_86.html;https://lh6.googleusercontent.com/g6MnWa4mdEt583HlAgYJX6MHGE-e2jLP-75gT3XYc8NMtFDf2Mr4JjMGf3zqiJfTABCjyQlGNH-omBaX_zUq0QRNhQwfBOKmfmth59qrcS7dyRjqfFt9JTzHjlpjhw75;40,6547;14,4252
89;Vico Equense;Napoli;Massaquano;350;Tilia cordata;Tiglio;6;http://agricoltura.regione.campania.it/foreste/monum/scheda_87.html;https://lh4.googleusercontent.com/h77Ffa3pmg2LvYOQ9L8FAJZqbKvhWl2xZkoQE1yUZSjuXBZMneEctJxdbB9PHhVp2z501TwSn4KewQDSc6dzk-_VKhADuvPM3P2O1s1PNV49DRUMT_LKR3kREruoYwKc;40,6625;14,4485
90;Vibonati;Salerno;Oliveto;0;Quercus suber;Sughera;10;http://agricoltura.regione.campania.it/foreste/monum/scheda_88.html;https://lh5.googleusercontent.com/dX2tCC8yfLnmbw-UsqCq044i92-AzHOaAjUVqaZSmB7ElfPnt6oV-XLzZuTaMSkhFeUA3sLZLI4mP19UIaylAgWprbTu4GrUKF5CSddn2gU8P-TqaeidzOTfMOk8gq_Vww;40,0733;15,6086
91;Capua;Caserta;Centro Urbano;25;Broussonetia papyrifera;Gelso da carta;8;http://agricoltura.regione.campania.it/foreste/monum/scheda_89.html;https://lh6.googleusercontent.com/BXhEpPIkxAyahC4k-Tvxoo8ADD5V7Z60X2O5WqjVXjq6kkMCoGIvEEoe07sA8YQHNojknrUhoPSRxq0gcoWUjVNi2FjbohS4961_TLrBFufdBJXqj06kq9oLRwcbrd8 https://lh4.googleusercontent.com/efUucT_pIppwj4K12q7FsNI9MeeWkCZD8IlUCE3W29Z90mSG2wsinUFydx;41,0967;14,2208
92;Alvignano;Caserta;Pratillo;570;Laurus nobilis;Alloro;6;http://agricoltura.regione.campania.it/foreste/monum/scheda_90.html;https://lh4.googleusercontent.com/qAd1NK3EJPyFXnZefgSxB0oFN75pQgile8GnLCmzIbEDvxsjS0ikWSBuzik__DvCKW2vz6DB-hZsbUVAvZB0daAwCYlFCuaA_GhfMMt-FoNHGWwh23Y-j-SNY3Pod3M;41,2241;14,3536
93;Alvignano;Caserta;Sagliutella;380;Fraxinus excelsior;Frassino;10;http://agricoltura.regione.campania.it/foreste/monum/scheda_91.html;https://lh5.googleusercontent.com/Er-8j8FY3r8TqrLmEBeWHXwkH-w5_oF8wL41D5h4YTthouMmWfWWmj_9gKwTWYuIAHzDF1URnNoSmsFaPA9cO1x7CVzWUHVXCUdqltwtxTCkFwFS7LgG4dcG871vkbYvXQ;41,2441;14,3366
94;Bonito;Avellino;Bosco;430;Quercus pubescens;Roverella;20;http://agricoltura.regione.campania.it/foreste/monum/scheda_92.html;https://lh4.googleusercontent.com/68lPGitJzl_JbppSmHVVXrKdIst0_HHoqV_F_he-Sfcp1meiwbitnNRaYR4vJLqottmVpIR8QKuYsseK3LoQTPu4gCo4O_l9JXYdFvrLgC_q4n0bjdJZo_gQ8_ojGfI7Tg;41,1911;15,029
95;Bonito;Avellino;Vieticala;359;Morus alba;Gelso;4;http://agricoltura.regione.campania.it/foreste/monum/scheda_93.html;https://lh4.googleusercontent.com/w1-kAdQoZ4ltnsSnl804_g7hMJIbPIC025gWLp8MwgnvzR-EZZIzn51j2128tAFU95wcQvG3YalaWnkVvQ_UtN1qOx_8kdPBXI0NUVsT1oKzCxuK7bp7fJVpT2pEdcNA;41,0163;14,9761
96;Dragoni;Caserta;Maiorano di Monte;453;Quercus cerris;Cerro;12;http://agricoltura.regione.campania.it/foreste/monum/scheda_94.html;https://lh5.googleusercontent.com/XARJiXSmWgXP1BrCNjzOnze6Q8MOJ3UUa9-Q8VGNmXYwMfNXrJTwB3vEtwLZxN3qNdcWDIHivVUecFGnRlsJk6JsMWtYApWO5pRJ_YrnV0KtVY4TcLbhj7CST9X5lhcq;41,2394;14,3198
97;Marcianise;Caserta;Aurno;22;Platanus acerifolia;Platano;37;http://agricoltura.regione.campania.it/foreste/monum/scheda_95.html;https://lh3.googleusercontent.com/OD8ikeBg1WigOD6C6wqRQNlmRGa8ZBPTTFP2qrLCB2Dov8qPL97U3Y-nwBFC3GL3qeYbLKtd7at8gvHTgd37nDLwcAfEa2qNeRamoTN_Hk-WvdOHhYTJuTLG_bNo24UpxA;41,0018;14,003
98;Piedimonte Matese;Caserta;Centro;170;Platanus acerifolia;Platano;30;http://agricoltura.regione.campania.it/foreste/monum/scheda_96.html;https://lh5.googleusercontent.com/ScyWwqxUhgI5fdLET-vBe0mzZzOvIRy9BSGFj2dbJAzGoa6oj0udKINN9Vv7yp_yk96_vuN9RtWZhaDoLwAoeb88IQG_Coy_GgT_h3jqZ2Z42Ty697pRpImbHunjrno;41,3563;14,3707
99;Ruviano;Caserta;Monastero;100;Quercus petrea;Rovere;12;http://agricoltura.regione.campania.it/foreste/monum/scheda_97.html;https://lh5.googleusercontent.com/a-phGj2wGW8zpNefWjhe0RozsHVPgtirtnsq_8fCTBOQeRoOoA821FDsBs-XPPBp1hIlbrRUwWET4VTli0w1OtK6fRDF5IOIZChRyqQHBv4STG8nCn4QSdnS8XMFjUM;41,1441;14,5735
100;Ruviano;Caserta;San Domenico;100;Olea europaea;Olivo;25;http://agricoltura.regione.campania.it/foreste/monum/scheda_98.html;https://lh6.googleusercontent.com/__sWmYBySkw8Ou9imv9c6voVzL3GRBA4-s9rPfK9ILDkiMFrgQLBRPPhcSwNJMyM-oReHSSmq8hp8Upzk3-eeuRjivCQ6qKf8ODJH5o8xF8sfNVpfH766Okk-uwYzTS6Gg;41,3824;14,6876
101;S. Cipriano Picentino;Salerno;Filetta;250;Tilia cordata;Tiglio;5;http://agricoltura.regione.campania.it/foreste/monum/scheda_99.html;https://lh3.googleusercontent.com/A4SHYIQhhZsvQ7Yog9-rNQ1rX-RXqPoS-Z0-qKBNjd360BcXtfaJiVeiKmY7UI7nCe8PUERn0N6aU9wVze4ZhZm3fUHOYxC6onOfZ8YLAKrN3X0JfuPq7pRYMDcNO20;40,7001;14,8716
102;San Cipriano Picentino;Salerno;Vignale;360;Cedrus deodora;Cedro;15;http://agricoltura.regione.campania.it/foreste/monum/scheda_100.html;https://lh4.googleusercontent.com/vmGyetH3Fp2kv68AnnobD48ohMOmEMV9kMw8ivBNRiZpg1mG7T8Wv4JzuO15sVb0OVwf1Qt01lekwOTqmLg_5IrdQzarL4a65bt36vK8FThA9MNbV7t6wALJwE_KT4w;40,7195;14,8708
103;San Gregorio Matese;Caserta;Acqua di Santa Maria;1050;Fagus sylvatica;Faggio;25;http://agricoltura.regione.campania.it/foreste/monum/scheda_101.html;https://lh4.googleusercontent.com/sFVF4QrzECJfcn2ifbrO8ieVMqfuxyJbcW1QieAeAumYq3ogJowTdJoBS2IFOcA5COnW3AJi_GdzveRm-Gh0SRSH-xrNorSSlv8U9j2Cpsh9LELYRTrxSFdTNZgEgAzk;41,4063;14,4369
104;San Mauro Cilento;Salerno;Lavaturo;344;Olea europaea;Olivo;15;http://agricoltura.regione.campania.it/foreste/monum/scheda_102.html;https://lh5.googleusercontent.com/n_DcMk4VvLMetTouFWAWLkhKqaUWHLpxez22e2eylvq-8b3jrQuB1NCaeN4W6ZTmwjHFfk7Umg84FStPlOxSlqKrtVErIROejHCOqJRp_5JecX8phFP7bj9oBcSGhKi4Yw;40,217;15,0429
105;San Mauro Cilento;Salerno;Lavaturo;311;Olea europaea;Olivo;13;http://agricoltura.regione.campania.it/foreste/monum/scheda_103.html;https://lh4.googleusercontent.com/OVS8snhtkUCqEDqSNJCBmU559SMDKQpHlqmUO2VeKy8-LcIDs4lu_27EhUU5YCFszR0rNj8w8zsex6-fSyV0uGelSjRwL9C_E11GPl4VNp1YzLYna56zw0bgIaLX0g;40,2158;15,0463
106;Agerola;Napoli;Campora;400;Tilia cordata;Tiglio;15;http://agricoltura.regione.campania.it/foreste/monum/scheda_104.html;https://lh4.googleusercontent.com/NEcc30EV30z25Xzgtd19RgUPAl7JV6VdnTak84nZkTzBmg6b3BtZhASJ7bNqKy5pWnfgnrA7ZDkOhRnjkOOQxLmiUFiILuuAYhrZn2Cy2QylewS_mSjAgkdA7LoPSiIP;40,6427;14,5499
107;Agerola;Napoli;P.zza Unità d'Italia;400;Platanus orientalis;Platano;16;http://agricoltura.regione.campania.it/foreste/monum/scheda_105.html;https://lh5.googleusercontent.com/gH428wSxCk_-uJe4JpBYX9ahJfUlM4Bjrdo8_FSkHTiprw3h_8uud6LyDr5Hlr7PcWsPrRmPOW9XaZEqyQCtyrLGgCVkhsLhdNGNYb-VtMcUm-styPnpkVkhhFhzCDU;40,6393;14,5448
108;Agerola;Napoli;Parco Colonia montana;400;Tilia cordata;Tiglio;18;http://agricoltura.regione.campania.it/foreste/monum/scheda_106.html;https://lh6.googleusercontent.com/x6X-HVHb_sLnGUIQpirWRQTMOTDzgT1uee6a48hd5OmEb1MffZn28IzES_LtC8UmHBS69iiR0sxozDD21DrgsIciikOm5hfCwIA2aCtCSrfWYKFH2M74egkBbLgMcYb4;40,6237;14,5662
109;Fontanarosa;Avellino;Viale Rinascita;494;Quercus pubescens;Quercia;20;http://agricoltura.regione.campania.it/foreste/monum/scheda_107.html;https://lh3.googleusercontent.com/fl_Dl6t0koqN28kkKG8bz04h5ILYqOcZE87xqBTy4AL4ikmPtp1Mo80ypXm7tTwpcQxXVIBnBOm3Sb8pPxjK3M_HTAbY2HoxDoIazZHonD7WPxOO5KkebV1P13kTNFI;41,0203;15,0178
110;Ruviano;Caserta;Alviglianello;100;Quercus petrea;Rovere;12;http://agricoltura.regione.campania.it/foreste/monum/scheda_108.html;https://lh6.googleusercontent.com/2uaXSp_TYpYDxPGNkb4I4SiHMMkvveeb_ustqkFSk4EvcDq_JUvxbbViUY0Ki6edglqBdM6sMUWSBBvnjUM0VPAeRyO4enX7JSyZWOwzPC6sLkIlpQu9SuMhHG-uK77ufw;41,1441;14,5735
111;Ruviano;Caserta;Alviglianello;100;Morus alba;Gelso;3;http://agricoltura.regione.campania.it/foreste/monum/scheda_109.html;https://lh6.googleusercontent.com/Rl_QFEpAgl1LGRAXzk_Lwws-aEdhGdubDAyDIMwgMkPtTvSG5CGgSLiGkbGFD9kEw6KHQuMT1TxDho2dn1PFrUj7WPMjcx48T85ZtMRX_a_Fr4SxyiPtKbk56Q65-nM;41,3341;14,728
112;Lacedonia;Avellino;Bosco di Origlio;842;Quercus cerris;Cerro;21;http://agricoltura.regione.campania.it/foreste/monum/scheda_110.html;https://lh5.googleusercontent.com/SDcjQwdTNJ56iAkYPrXeefSbF-m_qbSiSrmX51rxkoXh7osKECt10JUyluEuTFpTtZh4vqr6wskoEsaRYnCAkToyZdYWLBZ4y_-gvxEBVyQuhI9J8vl1QUm158YKwKc;41,0138;15,4413
113;Lacedonia;Avellino;Bosco di Origlio;851;Quercus cerris;Cerro;27;http://agricoltura.regione.campania.it/foreste/monum/scheda_111.html;https://lh4.googleusercontent.com/lB9IPrvqGogCelK8svsvriOcSlPXAiDIJKpR2MVhSsIBCIdeBEhkuGOYpk30Cv3BVECPcNqoJK5TMgCJsP466ZSBu132zb3xp2PlKBMUla8kVDxNqs4TfUpRdt4Mr3Lu;41,0113;15,44
114;Bonito;Avellino;Santoianni;456;Quercus pubescens;Cerza;18;http://agricoltura.regione.campania.it/foreste/monum/scheda_112.html;https://lh3.googleusercontent.com/tNdLHScuCjwO5uU6U7aMvIFk920m8QdGiJS-kjAyh9hQV8CRGLe2PN0o7pJeqmaOqLC8GftfkZyJ_zXwUngIv2yjR43P_ZQprpSNAG-wG_B99UWRdacTA28b1ftwlPZd;41,0999;15,0043
115;Torella dei Lombardi;Avellino;Cimitero;666;Cedrus libani;Cedro del Libano;18;http://agricoltura.regione.campania.it/foreste/monum/scheda_113.html;https://lh4.googleusercontent.com/Fer8kiSSLBZj2GQShbR7nKuyk1tLFN4_WJRXZVOS67QSkfzDKpbIlpSsbM3NmN7zsYL7FpTOFfAV9mECkhwrF1cRIXVg-roqLUeb-lflHR8avHCgRsSXUmROgVECIqs;40,9386;15,1152
116;Galluccio;Caserta;Largo Sipicciano;509;Tilia cordata;Tiglio;12;http://agricoltura.regione.campania.it/foreste/monum/scheda_114.html;https://lh5.googleusercontent.com/OI_dXLTxjpcGDpzpgPVHLFOF50ozccr3wz1SWXb0U_pghdCd0CTwHATVEMtJyi2at8AtylMyKw7h4V6HZ3EDtEzuy7gZOkqdr0DME0L3xE-9J5I6JgX6IcMcJt0p5VRMSg;41,3237;13,9445
117;Napoli;Napoli;Mostra d'Oltremare;51;Cinnamomum canphora;Canfora;15;http://agricoltura.regione.campania.it/foreste/monum/scheda_115.html;https://lh3.googleusercontent.com/cljlTK6d4gv2B0SX2KLOBhlDHx4uNXl56f4SZZYLZEGY2KHP8xCyLCvnS79KMD_PIbf_56ik372aS8uu_jtheWPOJ5e7-xK2s3sDo0IVBdwz93N55dZS_gTqqg0K3Ewc;40,8238;14,1869
118;Napoli;Napoli;Mostra d'Oltremare;68;Yucca elephantipes;Yucca;6;http://agricoltura.regione.campania.it/foreste/monum/scheda_116.html;https://lh3.googleusercontent.com/vvWgeMwbAJRmZEqtg37ubx6SSaFOhUYmd6Na7vdxSq_UT_eAR6ECYIQCdFT-w0lRXUU340OeZrQjHWy9AHgvp6-jkvmKB9Xv5ftrzf7dnZatzIlWP4ijpvk8kBUBxntdnQ;40,8241;14,1863
119;Napoli;Napoli;Mostra d'Oltremare;79;Ficus macrophylla;Ficus magnolioide;20;http://agricoltura.regione.campania.it/foreste/monum/scheda_117.html;https://lh5.googleusercontent.com/cmEb0sZJkBroe2teTBDReCgQdkq5atr06Ty25HJzAZ8FlaYpW_ttlGIc45trtN7WyE2D4iqGyBcRDUXiLcJP707K49C8bymERmonHoKhO0kjwQauUs0XuwAQC3p4L9lV;40,8222;14,1861
120;Napoli;Napoli;Mostra d'Oltremare;68;Phoenix canariensis;Palma delle Canarie;12;http://agricoltura.regione.campania.it/foreste/monum/scheda_118.html;https://lh6.googleusercontent.com/GBRHvrI9FGwQpp3holHjCdQULqzGbGlQUQ0qPr6YIFzfe5xZs2zSPduGWI_Rx4VuETU_eHfzdOvsM4p5EhBoqH21uvYV8o5LtJVdQYLmU5te6YVcGKe3Ob-tgSxKlgHN;40,8227;14,1838
121;Napoli;Napoli;Mostra d'Oltremare;63;Podocarpus falcatus ;Podocarpo;15;http://agricoltura.regione.campania.it/foreste/monum/scheda_119.html;https://lh5.googleusercontent.com/7HfqhbyjzVVlyzk6TPpClNw6ilbDphLrrZEF7yIYAQJCLkpaHAm9I3uzSI1KjMa7udNYtBkEE9n6cOiWCoNzRW3wlWWjxjfV2CqKwg7pL2n7c01aycqqV3u-YhTV-qThvA;40,8225;14,1847
122;Napoli;Napoli;Mostra d'Oltremare;74;Tipuana speciosa;Tipuana;14;http://agricoltura.regione.campania.it/foreste/monum/scheda_120.html;https://lh5.googleusercontent.com/wrXHwC7CjK5VtHMTuoSZPKhb0hxpZHX3EEczgVSvWaWwMHAmXuh7153qy4LSg3GIu44bcDn5ONYUBjvZjNRy0axwIQnQl1p3Sh-qyRDfe9Ajsv5dKREoSXlNY7CWYnY;40,8213;14,185
123;Afragola;Napoli;S. Antonio;43;Cinnamomum canphora;Canfora;25;http://agricoltura.regione.campania.it/foreste/monum/scheda_121.html;https://lh6.googleusercontent.com/Hmxtk7ZGSAUT1nC64k-x_7oYE92A8kLh_Da7ioRSVk4BLpKyJ3LH_A5_UNxT6BXx-psFEqRSs4f4mHY3clt_0mfTrRZGUMm_lUNgeA49JMMqdPId3mgjX5-Su94r600;40,9192;14,3068
124;Agerola;Napoli;S. Lazzaro - colonia montana;400;Castanea sativa;Castagno;10;http://agricoltura.regione.campania.it/foreste/monum/scheda_122.html;https://lh4.googleusercontent.com/3nYAf2XWNbbgMpc3qm-uR-sGNqiggMAMM88hQrFSEVjAkZ8iTrvbyeBjktbZoySnuCIF_YmRKhNUOnBSz5rx343-jMsAjchS5bbs1HLtCXeFLm7FsvgIJIKYQZKeaTDK;40,6242;14,5644
125;Sant'Anastasia;Napoli;Parco urbano;150;Quercus ilex;Leccio;15;http://agricoltura.regione.campania.it/foreste/monum/scheda_123.html;https://lh3.googleusercontent.com/yDp7fIJv0rGbY2vCwj6gjshPey5Lzaek85YIGKOLX6XP1hT-MOSw2PzPjckLHDnlfq9BQCk5dj8qUbItgKyxCPOzHEIF8an9miAJ6Qnn4KGggxx18smLN2wA1db_a5uF;40,872;14,3837
126;S. Anastasia;Napoli;Parco Urbano;150;Quercus ilex;Leccio;15;http://agricoltura.regione.campania.it/foreste/monum/scheda_124.html;https://lh5.googleusercontent.com/cta8cgJuaSW9VI21LXZITfk6H83YdBklSCoxP-dFVEIEwopqp6Pgq0oaOwYEhn6waYML66k5K8A3JGt1XuQbwzeR4gMTwV0JxPTUvzjFEQV338hRJCQBhWfhbBEA8MM;40,872;14,3837
127;S. Anastasia;Napoli;Parco urbano;150;Quercus ilex;Leccio;13;http://agricoltura.regione.campania.it/foreste/monum/scheda_125.html;https://lh6.googleusercontent.com/w8Z1y4Mw8L70mHHNCP6hxioQyb7rypBRWbxzAq38fvGmKngOqa9OJzC7MCarIJpH9WlgY6AdsXpo_cisn_vyzkZ1A_Z2J85ALJq1YYBBTMce23pinSn3AWmgcwhEowN6;40,8719;14,3837
128;Castellammare di Stabia;Napoli;Villa comunale;0;Pinus pinea;Pino domestico;15;http://agricoltura.regione.campania.it/foreste/monum/scheda_126.html;https://lh4.googleusercontent.com/eJIsxg72LfpRBQw4nvPf8I8ePnlDMQaVGTzYxUuy-GSCe490IvSf_gbdsbjG9XPyhsikRqYOIC3-It0qzDx8JvVxG9YhzGamBrkpXw4wFGkBtipqZa6JY7jn3xV9Xa85tQ;40,696;14,48
129;Castellammare di Stabia;Napoli;Villa comunale;0;Araucaria araucana  ;Araucaria;30;http://agricoltura.regione.campania.it/foreste/monum/scheda_127.html;https://lh4.googleusercontent.com/Apq7BKHZsVqOTcMM8gxmuOVR0QHNwuxKkfvlw2O_U-R7P3cWxtv1pLYjPgN_-FjwBmmVAD4c8JadnqT0SJujjDIcJAE-fOUqWHZ4xOzzImxZ8YHoTHJ3KXrUmxb8DPrc;40,6955;14,4804
130;Castellammare di Stabia;Napoli;Villa comunale;0;Ginkgo biloba;Ginkgo;25;http://agricoltura.regione.campania.it/foreste/monum/scheda_128.html;https://lh6.googleusercontent.com/z6nPsRiev56s-JNjUwB9L8AWComoEzPtsgT2pYBu8mXHZmdwohbui-Tu3HDeGpTMYIWP8D7OXSm9TklgSl091uC8aIR1papKfzF1rNE1CyFBqwf8ed8TvtJQlco-kArM9w;40,6956;14,4805
131;Castellammare di Stabia;Napoli;Villa comunale;0;Magnolia grandiflora;Magnolia;18;http://agricoltura.regione.campania.it/foreste/monum/scheda_129.html;https://lh5.googleusercontent.com/rvF-NKeHUyaQVyHJJDQ6y88pMvLeFFpGkp2cGLI5wASnVtA-JYwvOvKtBShf7Umcl3P8t7yVySwIoJLc29BgxQbVdm4TLS5gmWYWnaGDpBHPp4B3_v_mV05366hbh3q3Qg;40,6955;14,4803
132;Castellammare di Stabia;Napoli;Villa comunale;0;Phoenix canariensis;Palma delle Canarie;22;http://agricoltura.regione.campania.it/foreste/monum/scheda_130.html;https://lh6.googleusercontent.com/f5CdGnwZ4LRj04_OQ8LYqBczIVCZw3N8lPyjBz4-skxRSwEEBFFhE4kq0vjpnKJCdXpUPl_zgi_vxMetFqbtnAVMBmzhU84G_MjWubY9QdZIBPnYfQCZSc1z7EG3steLcA;40,6955;14,4802
133;Cava de' Tirreni;Salerno;Villa comunale;207;Pinus pinea;Pino domestico;24;http://agricoltura.regione.campania.it/foreste/monum/scheda_131.html;https://lh4.googleusercontent.com/pPjIDQNLQlcN_2HsxmssvkQtfgsthuoauBibW8-YjFyQ1g9wlJNtVNWmvwNrPujUyaqaW6yYx21BfMZSD12K2M0lYi1KckUDYoTkhCxDRhryVPxoHpuqmfLxNMfHjFnF;40,7006;14,7048
134;Agropoli;Salerno;Castello aragonese;72;Olea europaea;Olivo;10;http://agricoltura.regione.campania.it/foreste/monum/scheda_132.html;https://lh3.googleusercontent.com/L4yThxjk29g11ZuhVdS61FLN8vHX8Mpn6TILKMFQdInoGjhfODXpS93tr3gFQ9_13jURQM2opiQOxkvAZOlK7Ndqtdzi6qpoUI6CwkXbPD33rd9_mMwjOFlZLjEZdqo;40,3531;14,9887
135;Capaccio - Paestum;Salerno;Via Monticello;362;Olea europaea;Olivo;8;http://agricoltura.regione.campania.it/foreste/monum/scheda_133.html;https://lh6.googleusercontent.com/sg6y6KmORC-27I-Jgw24H-MhuqfMD3xEXy8uYpmsM5qhEOJKsrQIqhDrrZKMvhD1njN7Ek_fRG5XTZhYB7HlR4kclh7ldhiKJNQobVfCmbpE_1HchB1G1nI6Yhym69A;40,4213;15,0791
